{
  "euclidean": {
    "summary": {
      "RL simple_rollout_euclidean (greedy)": {
        "mean_length": 4.006814002990723,
        "gap_percent": 4.648796558380127,
        "approx_ratio": 1.0464879274368286,
        "improvement_over_nn_percent": 72.05264359536568,
        "time_sec": 0.1933448314666748
      },
      "RL simple_critic_euclidean (greedy)": {
        "mean_length": 3.987973213195801,
        "gap_percent": 4.161679267883301,
        "approx_ratio": 1.0416167974472046,
        "improvement_over_nn_percent": 74.99589373698984,
        "time_sec": 0.023746252059936523
      },
      "RL glimpse_rollout_euclidean (greedy)": {
        "mean_length": 3.912916898727417,
        "gap_percent": 2.2109179496765137,
        "approx_ratio": 1.0221091508865356,
        "improvement_over_nn_percent": 86.72095996793949,
        "time_sec": 0.03641223907470703
      },
      "RL glimpse_rollout_euclidean (best-of-128)": {
        "mean_length": 3.8588991165161133,
        "gap_percent": 0.8001591563224792,
        "approx_ratio": 1.0080015659332275,
        "improvement_over_nn_percent": 95.1594515000989,
        "time_sec": 4.900912523269653
      },
      "RL glimpse_rollout_euclidean (beam-10)": {
        "mean_length": 3.912916898727417,
        "gap_percent": 2.2109179496765137,
        "approx_ratio": 1.0221091508865356,
        "improvement_over_nn_percent": 86.72095996793949,
        "time_sec": 0.18365073204040527
      },
      "RL glimpse_rollout_euclidean (beam-25)": {
        "mean_length": 3.912916898727417,
        "gap_percent": 2.2109179496765137,
        "approx_ratio": 1.0221091508865356,
        "improvement_over_nn_percent": 86.72095996793949,
        "time_sec": 0.36391234397888184
      },
      "RL glimpse_rollout_euclidean (8x aug)": {
        "mean_length": 3.849496603012085,
        "gap_percent": 0.5554487705230713,
        "approx_ratio": 1.0055545568466187,
        "improvement_over_nn_percent": 96.62828319471359,
        "time_sec": 0.2261793613433838
      },
      "RL glimpse_rollout_euclidean (POMO-20)": {
        "mean_length": 3.846344470977783,
        "gap_percent": 0.4729400873184204,
        "approx_ratio": 1.0047293901443481,
        "improvement_over_nn_percent": 97.12069955078786,
        "time_sec": 0.708341121673584
      },
      "RL glimpse_rollout_euclidean (POMO+2opt)": {
        "mean_length": 3.840156316757202,
        "gap_percent": 0.3139881491661072,
        "approx_ratio": 1.003139853477478,
        "improvement_over_nn_percent": 98.08739394016142,
        "time_sec": 1.98832106590271
      },
      "RL glimpse_critic_euclidean (greedy)": {
        "mean_length": 3.9115395545959473,
        "gap_percent": 2.1709208488464355,
        "approx_ratio": 1.0217092037200928,
        "improvement_over_nn_percent": 86.93612442516974,
        "time_sec": 0.03396773338317871
      },
      "RL glimpse_rollout_euclidean_ent (greedy)": {
        "mean_length": 3.9099459648132324,
        "gap_percent": 2.1256489753723145,
        "approx_ratio": 1.021256446838379,
        "improvement_over_nn_percent": 87.18507011188031,
        "time_sec": 0.03300833702087402
      },
      "RL glimpse_rollout_euclidean_ent (best-of-128)": {
        "mean_length": 3.852489948272705,
        "gap_percent": 0.6320687532424927,
        "approx_ratio": 1.0063207149505615,
        "improvement_over_nn_percent": 96.16067201927207,
        "time_sec": 4.84778904914856
      },
      "RL glimpse_rollout_euclidean_ent (beam-10)": {
        "mean_length": 3.9099459648132324,
        "gap_percent": 2.1256489753723145,
        "approx_ratio": 1.021256446838379,
        "improvement_over_nn_percent": 87.18507011188031,
        "time_sec": 0.1597435474395752
      },
      "RL glimpse_rollout_euclidean_ent (beam-25)": {
        "mean_length": 3.9099459648132324,
        "gap_percent": 2.1256489753723145,
        "approx_ratio": 1.021256446838379,
        "improvement_over_nn_percent": 87.18507011188031,
        "time_sec": 0.36824917793273926
      },
      "RL glimpse_rollout_euclidean_ent (8x aug)": {
        "mean_length": 3.8465917110443115,
        "gap_percent": 0.48126140236854553,
        "approx_ratio": 1.0048125982284546,
        "improvement_over_nn_percent": 97.08207646923208,
        "time_sec": 0.22510099411010742
      },
      "RL glimpse_rollout_euclidean_ent (POMO-20)": {
        "mean_length": 3.842559814453125,
        "gap_percent": 0.3772328495979309,
        "approx_ratio": 1.0037723779678345,
        "improvement_over_nn_percent": 97.71192693421749,
        "time_sec": 0.7076573371887207
      },
      "RL glimpse_rollout_euclidean_ent (POMO+2opt)": {
        "mean_length": 3.8380014896392822,
        "gap_percent": 0.25939226150512695,
        "approx_ratio": 1.0025938749313354,
        "improvement_over_nn_percent": 98.42401439445378,
        "time_sec": 1.952045202255249
      },
      "NN": {
        "mean_length": 4.468048572540283,
        "gap_percent": 16.647212982177734,
        "approx_ratio": 1.16647207736969,
        "improvement_over_nn_percent": 0.0,
        "time_sec": 0.09569907188415527
      },
      "2-opt": {
        "mean_length": 3.930737257003784,
        "gap_percent": 2.644193410873413,
        "approx_ratio": 1.0264419317245483,
        "improvement_over_nn_percent": 83.93711849464584,
        "time_sec": 2.904691696166992
      },
      "OR-Tools": {
        "mean_length": 3.8279130458831787,
        "gap_percent": 0.0,
        "approx_ratio": 1.0,
        "improvement_over_nn_percent": 100.0,
        "time_sec": 2000.9573771953583
      }
    }
  },
  "manhattan": {
    "summary": {
      "RL glimpse_rollout_manhattan (greedy)": {
        "mean_length": 4.912740230560303,
        "gap_percent": 3.4250686168670654,
        "approx_ratio": 1.0342506170272827,
        "improvement_over_nn_percent": 79.2971650604164,
        "time_sec": 0.0425715446472168
      },
      "RL glimpse_rollout_manhattan (best-of-128)": {
        "mean_length": 4.814576625823975,
        "gap_percent": 1.3592678308486938,
        "approx_ratio": 1.0135926008224487,
        "improvement_over_nn_percent": 91.73534844181339,
        "time_sec": 4.52254843711853
      },
      "RL glimpse_rollout_manhattan (beam-10)": {
        "mean_length": 4.912740230560303,
        "gap_percent": 3.4250686168670654,
        "approx_ratio": 1.0342506170272827,
        "improvement_over_nn_percent": 79.2971650604164,
        "time_sec": 0.14746379852294922
      },
      "RL glimpse_rollout_manhattan (beam-25)": {
        "mean_length": 4.912740230560303,
        "gap_percent": 3.4250686168670654,
        "approx_ratio": 1.0342506170272827,
        "improvement_over_nn_percent": 79.2971650604164,
        "time_sec": 0.33494043350219727
      },
      "RL glimpse_rollout_manhattan (POMO-20)": {
        "mean_length": 4.793954849243164,
        "gap_percent": 0.9281555414199829,
        "approx_ratio": 1.0092815160751343,
        "improvement_over_nn_percent": 94.34830707807458,
        "time_sec": 0.664161205291748
      },
      "RL glimpse_rollout_manhattan (POMO+2opt)": {
        "mean_length": 4.776975154876709,
        "gap_percent": 0.5728422999382019,
        "approx_ratio": 1.0057283639907837,
        "improvement_over_nn_percent": 96.49978218799261,
        "time_sec": 1.9411969184875488
      },
      "NN": {
        "mean_length": 5.538562774658203,
        "gap_percent": 16.582021713256836,
        "approx_ratio": 1.1658202409744263,
        "improvement_over_nn_percent": 0.0,
        "time_sec": 0.06247758865356445
      },
      "2-opt": {
        "mean_length": 4.907486438751221,
        "gap_percent": 3.2904627323150635,
        "approx_ratio": 1.0329046249389648,
        "improvement_over_nn_percent": 79.96286622475904,
        "time_sec": 2.4276912212371826
      },
      "OR-Tools": {
        "mean_length": 4.7493510246276855,
        "gap_percent": 0.0,
        "approx_ratio": 1.0,