{
  "epoch": [
    1,
    2,
    3,
    4,
    5,
    6,
    7,
    8,
    9,
    10,
    11,
    12,
    13,
    14,
    15,
    16,
    17,
    18,
    19,
    20,
    21,
    22,
    23,
    24,
    25,
    26,
    27,
    28,
    29,
    30,
    31,
    32,
    33,
    34,
    35,
    36,
    37,
    38,
    39,
    40,
    41,
    42,
    43,
    44,
    45,
    46,
    47,
    48,
    49,
    50,
    51,
    52,
    53,
    54,
    55,
    56,
    57,
    58,
    59,
    60,
    61,
    62,
    63,
    64,
    65,
    66,
    67,
    68,
    69,
    70,
    71,
    72,
    73,
    74,
    75,
    76,
    77,
    78,
    79,
    80,
    81,
    82,
    83,
    84,
    85,
    86,
    87,
    88,
    89,
    90,
    91,
    92,
    93,
    94,
    95,
    96,
    97,
    98,
    99,
    100
  ],
  "train_loss": [
    27.324188636273753,
    2.941501642672383,
    -2.488944713254364,
    -3.803662129810878,
    -2.9773030341887963,
    -2.7784886688602213,
    -2.8107387800605927,
    -2.3537364139848824,
    -2.0494154338933983,
    -2.1157944761976903,
    -2.034556027577848,
    -1.8966308844332793,
    -1.9626387345547578,
    -1.736033532084251,
    -1.8219344171942498,
    -1.6386216295008758,
    -1.7103489406254826,
    -1.744094348683649,
    -1.643806826095192,
    -1.454144688285127,
    -1.2972311955325457,
    -1.3852918512967167,
    -1.3874574857098716,
    -1.3282922542825037,
    -1.2394353595315193,
    -1.1982293883148505,
    -1.0700738439146353,
    -1.0857226331623233,
    -1.23217539702143,
    -1.2543420596998565,
    -1.249123798949378,
    -1.2444957014249296,
    -1.2141444421544367,
    -1.12851155047514,
    -1.067590439806179,
    -0.9672612484012332,
    -0.9071321688136276,
    -0.9535944212456139,
    -1.135858924413214,
    -0.9328659030855918,
    -0.9956812670036238,
    -0.8475174110154716,
    -0.8961778140189697,
    -0.8267539009755972,
    -0.7960988894409063,
    -1.0252902325318785,
    -0.9549513647750932,
    -0.9203944641108416,
    -0.8463997740526589,
    -0.7897064813545772,
    -0.7388111584040583,
    -0.7437813431024551,
    -0.6905549624744727,
    -0.7274190737884871,
    -0.7148108984134636,
    -0.6854685809539289,
    -0.652650382445783,
    -0.5897471801358827,
    -0.8024098572074151,
    -0.7184683257827953,
    -0.7440982418400901,
    -0.6791381671720621,
    -0.6756480439585082,
    -0.5829871940065403,
    -0.5996490631784711,
    -0.5707760669138967,
    -0.5686966579939637,
    -0.5845641845038959,
    -0.5619117468595505,
    -0.4886028206318009,
    -0.5204163783667038,
    -0.47682382227206715,
    -0.500929096219491,
    -0.47482423853053124,
    -0.58003753149996,
    -0.5487206462694674,
    -0.5826342105865479,
    -0.5697195000794469,
    -0.5429025392751304,
    -0.5600676232454728,
    -0.6076358638855875,
    -0.5756194664507496,
    -0.5390121568830646,
    -0.5311402997800282,
    -0.5234495763267789,
    -0.5237940823545262,
    -0.4347896858745692,
    -0.47035898116170144,
    -0.4274656910981451,
    -0.46307780791302117,
    -0.4105537973192273,
    -0.41049245030296094,
    -0.39437345111248445,
    -0.5280734589513467,
    -0.5012643325085543,
    -0.4563550737743475,
    -0.46619032536234173,
    -0.47966221963264505,
    -0.4331507033535412,
    -0.4537133639868425
  ],
  "train_length": [
    24.288982839000468,
    19.230086910481354,
    17.450571916541275,
    16.762418085215042,
    16.623430582941793,
    16.530452086001027,
    16.450505139876384,
    16.38557665688651,
    16.34924684252058,
    16.277010800887126,
    16.20294795717512,
    16.161124647880087,
    16.140305538566746,
    16.072406038946035,
    16.061474839035345,
    16.044471507169764,
    16.020515655984685,
    16.02502456976443,
    15.995266340216812,
    15.965659832467837,
    15.9398820740836,
    15.914807387760707,
    15.884404493837941,
    15.896204101796053,
    15.874525887625557,
    15.879357191981102,
    15.841061689415756,
    15.830731790892932,
    15.810652674460897,
    15.817913006763069,
    15.818147435480235,
    15.79416965951725,
    15.815201477128632,
    15.779107784738345,
    15.779338145742612,
    15.74926167118306,
    15.7350431948292,
    15.736745931664291,
    15.742081788121437,
    15.702536028258654,
    15.712240131533875,
    15.685581002916608,
    15.666984645687805,
    15.667284585991684,
    15.649322480571513,
    15.694579124450684,
    15.648201504532171,
    15.671196470455248,
    15.623316638323725,
    15.640977470242248,
    15.594819419238032,
    15.60386879590093,
    15.609817728704336,
    15.597960618077492,
    15.601641723087855,
    15.595301287514824,
    15.606924504649882,
    15.574398060234225,
    15.565243069006472,
    15.533014891098956,
    15.566084803367147,
    15.548076941042531,
    15.558372215348847,
    15.528362935903122,
    15.524336834343112,
    15.518937899141896,
    15.516148294721331,
    15.513865723901866,
    15.510482739429085,
    15.498264322475512,
    15.500013604456065,
    15.491597535658856,
    15.496890544891357,
    15.486285822732109,
    15.484391455747643,
    15.469982361306949,
    15.476744817227733,
    15.4686455240055,
    15.436811972637566,
    15.45194671591934,
    15.450255754042646,
    15.438597270420619,
    15.448837270542066,
    15.432584480363495,
    15.433192982965586,
    15.442446290230265,
    15.429811798796361,
    15.426769392830986,
    15.417705097976995,
    15.415926884631721,
    15.417428863291837,
    15.40232481275286,
    15.391713619232178,
    15.389720400985407,
    15.392316331668775,
    15.381346722038424,
    15.393726601892588,
    15.384863610170326,
    15.394257633053527,
    15.382438202293551
  ],