{
  "epoch": [
    1,
    2,
    3,
    4,
    5,
    6,
    7,
    8,
    9,
    10,
    11,
    12,
    13,
    14,
    15,
    16,
    17,
    18,
    19,
    20,
    21,
    22,
    23,
    24,
    25,
    26,
    27,
    28,
    29,
    30,
    31,
    32,
    33,
    34,
    35,
    36,
    37,
    38,
    39,
    40,
    41,
    42,
    43,
    44,
    45,
    46,
    47,
    48,
    49,
    50,
    51,
    52,
    53,
    54,
    55,
    56,
    57,
    58,
    59,
    60,
    61,
    62,
    63,
    64,
    65,
    66,
    67,
    68,
    69,
    70,
    71,
    72,
    73,
    74,
    75,
    76,
    77,
    78,
    79,
    80,
    81,
    82,
    83,
    84,
    85,
    86,
    87,
    88,
    89,
    90,
    91,
    92,
    93,
    94,
    95,
    96,
    97,
    98,
    99,
    100
  ],
  "train_loss": [
    11.229894135679517,
    1.5459907952011849,
    -1.6576759383386495,
    -0.6433442434942236,
    -1.061160993819334,
    -0.9244389461011303,
    -0.7511450097877153,
    -0.777014225417254,
    -0.6623247679398985,
    -0.6516004812960722,
    -0.7575044336975837,
    -0.6355242339932189,
    -0.6404925736845756,
    -0.6080273985862732,
    -0.5881423056125641,
    -0.5566322335175106,
    -0.5523099884086725,
    -0.6128172202377903,
    -0.508443603406147,
    -0.49062549824617346,
    -0.5073319764769807,
    -0.4557042359089365,
    -0.49932449812791785,
    -0.4614199047185937,
    -0.4415882120327074,
    -0.40592924277393183,
    -0.38114093122433645,
    -0.3414153525111627,
    -0.33883066323338723,
    -0.3730824978984132,
    -0.3434864965324499,
    -0.30870319173044086,
    -0.3558748256491155,
    -0.35309698265426015,
    -0.34048832770513027,
    -0.2993433115129568,
    -0.30076358178440404,
    -0.29870107541887125,
    -0.28012848995169815,
    -0.2974221720075121,
    -0.31344402414195394,
    -0.2942052547420774,
    -0.303694841813068,
    -0.24408337139353461,
    -0.2563903562876643,
    -0.2577618337711509,
    -0.23983728254632075,
    -0.24449737400424723,
    -0.20913434211088686,
    -0.24375853961219593,
    -0.2276109684334726,
    -0.25776469844336414,
    -0.2464137103180496,
    -0.26403525699766317,
    -0.2528297093753912,
    -0.2455925172080799,
    -0.24310229171295555,
    -0.22457878291606903,
    -0.22429500596255672,
    -0.23155543694690783,
    -0.21051220322141842,
    -0.20643438619314408,
    -0.19375329799189858,
    -0.1925945021212101,
    -0.20643171348742076,
    -0.20848911559703398,
    -0.2092650607228279,
    -0.2075196176919402,
    -0.20050302968949688,
    -0.19800963822980316,
    -0.2005578686996382,
    -0.16813562665970957,
    -0.20226887461482262,
    -0.18767939660013938,
    -0.19092486441439513,
    -0.17142917497121557,
    -0.1764979021889823,
    -0.19324632863305052,
    -0.17854771185286192,
    -0.17650899975275508,
    -0.1879998668268019,
    -0.17911468636320563,
    -0.1740587062525506,
    -0.17745770514011383,
    -0.1505338373232861,
    -0.16732416408402578,
    -0.16613300775690953,
    -0.157155769363958,
    -0.1574585985164253,
    -0.15260574875437483,
    -0.16655828659327662,
    -0.15912917066289453,
    -0.15441429227286455,
    -0.16188615925458014,
    -0.15132990213377134,
    -0.1614041767102115,
    -0.14785725273648087,
    -0.14111067118997478,
    -0.1544880733198049,
    -0.15449313773792617
  ],
  "train_length": [
    6.613966489324764,
    4.982504358096999,
    4.582004780672034,
    4.328619791536915,
    4.23558216678853,
    4.20643476564057,
    4.180810198491933,
    4.1693227777675705,
    4.152041513092664,
    4.148953895179593,
    4.142450590522921,
    4.128320363103127,
    4.119814935995608,
    4.116908034499811,
    4.109680574767443,
    4.100716410850992,
    4.096537804117008,
    4.095336398299859,
    4.0841033945278244,
    4.0790697019927356,
    4.074585403714861,
    4.0675360815865655,
    4.068049455175594,
    4.058731305355928,
    4.059579878437276,
    4.05134451632597,
    4.050400782604607,
    4.041793840272086,
    4.038631249447258,
    4.033790953305303,
    4.03260000627868,
    4.026946026451734,
    4.026952870038091,
    4.024400336401803,
    4.021928003856114,
    4.015019054315528,
    4.0086864792570776,
    4.011064033119046,
    4.007729632513864,
    4.001665399999035,
    4.0052313366714785,
    4.004264819378755,
    4.004784073148455,
    3.9949856923550975,
    3.99533440385546,
    3.996449502146974,
    3.9889793639280358,
    3.9920672518866405,
    3.9871156775221532,
    3.991714638106677,
    3.987973320240877,
    3.9842515186387666,
    3.9830340317317416,
    3.9818845452094567,
    3.9806070133131377,
    3.97918164730072,
    3.9775959885850245,
    3.9741550173078264,
    3.974482283300283,
    3.9746607055469436,
    3.9716668250609417,
    3.972605975306764,
    3.969558781507064,
    3.9665512284454034,
    3.965290848089724,
    3.9627142658039016,
    3.96089193285728,
    3.96441781034275,
    3.9603028978620256,
    3.9604847066256466,
    3.960427157732905,
    3.9578113263967087,
    3.9597563621949177,
    3.9588162266478246,
    3.957578133563606,
    3.952606181709134,
    3.9533635426540763,
    3.954311290565802,
    3.9478471230487435,
    3.9453685672915713,
    3.9497424242447834,
    3.9486435530137043,
    3.947035319951116,
    3.946532042659059,
    3.942150595236798,
    3.9461084263665334,
    3.9444678170340404,
    3.9425010778466048,
    3.9401873569099273,
    3.9411750642620786,
    3.9385203098764223,
    3.9388424960934385,
    3.938060281228046,
    3.9396840966477686,
    3.936603227440192,
    3.9384628753272857,
    3.9358549264012552,
    3.9328674345600363,
    3.936252688875004,
    3.9338300933643264
  ],