{
  "epoch": [
    1,
    2,
    3,
    4,
    5,
    6,
    7,
    8,
    9,
    10,
    11,
    12,
    13,
    14,
    15,
    16,
    17,
    18,
    19,
    20,
    21,
    22,
    23,
    24,
    25,
    26,
    27,
    28,
    29,
    30,
    31,
    32,
    33,
    34,
    35,
    36,
    37,
    38,
    39,
    40,
    41,
    42,
    43,
    44,
    45,
    46,
    47,
    48,
    49,
    50,
    51,
    52,
    53,
    54,
    55,
    56,
    57,
    58,
    59,
    60,
    61,
    62,
    63,
    64,
    65,
    66,
    67,
    68,
    69,
    70,
    71,
    72,
    73,
    74,
    75,
    76,
    77,
    78,
    79,
    80,
    81,
    82,
    83,
    84,
    85,
    86,
    87,
    88,
    89,
    90,
    91,
    92,
    93,
    94,
    95,
    96,
    97,
    98,
    99,
    100
  ],
  "train_loss": [
    9.210348884670102,
    -0.32108615346404973,
    -1.5704259464175117,
    -0.9901316692406426,
    -0.8543803697946121,
    -0.7806398819903938,
    -0.763716283501411,
    -0.5582005098766211,
    -0.5423056176122354,
    -0.48017351663842495,
    -0.4987175932952336,
    -0.462078047650201,
    -0.4725102134505097,
    -0.4729683146793015,
    -0.4096849674777109,
    -0.4233788400888443,
    -0.37140962070956524,
    -0.3646103193869396,
    -0.375657040701837,
    -0.34392368154866354,
    -0.3165144097744202,
    -0.3035183121659318,
    -0.27797190236802005,
    -0.3464387570108686,
    -0.318091518720802,
    -0.3346844826425825,
    -0.29489251895218477,
    -0.2716272915808522,
    -0.24792757295832343,
    -0.23398477280018282,
    -0.27185373722898715,
    -0.24625646383786687,
    -0.23496226677481008,
    -0.220057198131571,
    -0.24580457137555492,
    -0.2562236171595904,
    -0.21643563983391742,
    -0.2226811144120839,
    -0.21576746743248434,
    -0.21247698199384066,
    -0.20511118968834682,
    -0.21845780320617617,
    -0.21316929458051312,
    -0.19928865955800426,
    -0.19707081702594853,
    -0.24044754584224856,
    -0.18809915265562582,
    -0.17836666707785762,
    -0.18685264756180803,
    -0.19450729587400445,
    -0.19415640306411958,
    -0.17314294394941962,
    -0.15935935053442205,
    -0.15680325046485785,
    -0.1559976045878566,
    -0.15388647558129565,
    -0.16490653468942157,
    -0.15726089964107592,
    -0.17751499752000888,
    -0.15374154217389166,
    -0.13464759442271018,
    -0.1408723917390619,
    -0.13721432365781192,
    -0.15438286557185407,
    -0.16985871878509617,
    -0.14494033477136067,
    -0.13162206455456968,
    -0.13444828637400452,
    -0.11958138477437351,
    -0.13634026483917722,
    -0.11949795621390245,
    -0.12059637246539398,
    -0.13135232905648192,
    -0.12299226672977817,
    -0.12129312879120817,
    -0.1074835729538178,
    -0.11873635995600905,
    -0.11378628992456563,
    -0.11437758385222785,
    -0.10897422213183373,
    -0.10240247106293635,
    -0.1038385976714139,
    -0.10931077949246581,
    -0.1128860629182689,
    -0.11597062799395347,
    -0.10679912042556977,
    -0.10356938515846827,
    -0.10523830361816348,
    -0.10740437913610011,
    -0.10266412840205796,
    -0.10739757038880976,
    -0.10723989468295964,
    -0.10203718481471344,
    -0.09988622618268947,
    -0.1025814560755175,
    -0.09815095444875103,
    -0.09868221653967488,
    -0.09982883740140468,
    -0.09714475327304431,
    -0.08759979804863735
  ],
  "train_length": [
    6.345528845884362,
    5.087330891161549,
    4.732337105030916,
    4.363387628477447,
    4.247188636234829,
    4.21205152784075,
    4.201552527291434,
    4.175960156382347,
    4.159523078373501,
    4.145025535505646,
    4.137231009347098,
    4.121841333350357,
    4.112803663526263,
    4.115724086761475,
    4.103585223762357,
    4.095905498582489,
    4.086565621045171,
    4.084910086223057,
    4.077459145565422,
    4.0728645859932415,
    4.071970161126584,
    4.065037703027531,
    4.060685902225728,
    4.05927207518597,
    4.056748633482019,
    4.054362384640441,
    4.049095781481996,
    4.0452218542293625,
    4.046291689483487,
    4.0400910693771985,
    4.036323330840286,
    4.029698257543603,
    4.0276484684068325,
    4.023492129481569,
    4.019883800526054,
    4.021820861466077,
    4.0127338000706265,
    4.013974080280382,
    4.0149668771393445,
    4.012067269305794,
    4.009552746402974,
    4.00933156937969,
    4.005143754336299,
    4.001471500007474,
    4.00272258447141,
    4.001686266490391,
    3.9929543782253654,
    3.9902126618794034,
    3.9897516844223957,
    3.987578477178301,
    3.987584790404962,
    3.9833728780551834,
    3.980989604580159,
    3.98002574151876,
    3.976462573421245,
    3.974935847885755,
    3.9735260058422477,
    3.9738539262693755,
    3.975190751406611,
    3.9695487338669446,
    3.9637361545951997,
    3.9702810584282386,
    3.9663189965851453,
    3.967667107679406,
    3.9670491413194306,
    3.963212239498995,
    3.962232545930512,
    3.962335939310035,
    3.9564832619258334,
    3.9627753471841616,
    3.959699650200046,
    3.9580233924242916,
    3.9535081483879866,
    3.952370753093642,
    3.9510497560306472,
    3.9457929134368896,
    3.9492308558249962,
    3.9483812049943574,
    3.950085691043309,
    3.944973500407472,
    3.9454237392970493,
    3.9454030844630026,
    3.9438516996344744,
    3.93980496270316,
    3.945503285952977,
    3.942729137381729,
    3.939506864061161,
    3.9388407493124205,
    3.9365250066835054,
    3.9358240706580028,
    3.9376521013220964,
    3.936685557268104,
    3.9335877214159285,
    3.932800524088801,
    3.9311650699498704,
    3.9321980525036246,
    3.9337212966412913,
    3.933102464189335,
    3.9304445665709826,
    3.929836132088486
  ],