{
  "epoch": [
    1,
    2,
    3,
    4,
    5,
    6,
    7,
    8,
    9,
    10,
    11,
    12,
    13,
    14,
    15,
    16,
    17,
    18,
    19,
    20,
    21,
    22,
    23,
    24,
    25,
    26,
    27,
    28,
    29,
    30,
    31,
    32,
    33,
    34,
    35,
    36,
    37,
    38,
    39,
    40,
    41,
    42,
    43,
    44,
    45,
    46,
    47,
    48,
    49,
    50,
    51,
    52,
    53,
    54,
    55,
    56,
    57,
    58,
    59,
    60,
    61,
    62,
    63,
    64,
    65,
    66,
    67,
    68,
    69,
    70,
    71,
    72,
    73,
    74,
    75,
    76,
    77,
    78,
    79,
    80,
    81,
    82,
    83,
    84,
    85,
    86,
    87,
    88,
    89,
    90,
    91,
    92,
    93,
    94,
    95,
    96,
    97,
    98,
    99,
    100
  ],
  "train_loss": [
    9.927128802756874,
    5.8721377518104045,
    -1.570258001891934,
    -0.7491696084640465,
    -1.3270301964818214,
    -1.1469191026930907,
    -1.1007336645710224,
    -0.8839096998681828,
    -0.8232427862833958,
    -0.8134898914366352,
    -0.6925917331661496,
    -0.6455553849132694,
    -0.5651093192246496,
    -0.5799755168204405,
    -0.5400474177939552,
    -0.5667164313549898,
    -0.5295814430835296,
    -0.5463731003050901,
    -0.47849923250626547,
    -0.4929011725649542,
    -0.44958654836732515,
    -0.41219020163526343,
    -0.4020718850043355,
    -0.34947284356671937,
    -0.43957881568645946,
    -0.4000341797969779,
    -0.36502380532269574,
    -0.3680797261851175,
    -0.34899050757593036,
    -0.3217319765565347,
    -0.3713738139794797,
    -0.375832805524067,
    -0.33899008573926226,
    -0.3187153590272884,
    -0.3156746008566448,
    -0.3002207133234764,
    -0.2680768347820457,
    -0.2592517699362064,
    -0.24099409162085883,
    -0.24945394694805145,
    -0.25662838561194284,
    -0.24467412602840638,
    -0.28099226571467456,
    -0.2683856972322172,
    -0.25217505103471327,
    -0.2575562619129006,
    -0.24236309931290392,
    -0.2880272232756323,
    -0.2558666146835502,
    -0.24539092198318366,
    -0.22597277552193526,
    -0.24283447299076585,
    -0.21026828352894103,
    -0.20949611075374544,
    -0.1972486206463405,
    -0.19718444149713127,
    -0.16451726344471074,
    -0.22192847485444983,
    -0.22664874571622634,
    -0.22898677842957632,
    -0.20330663686808276,
    -0.18842975612805815,
    -0.19522696908335296,
    -0.19759155893508268,
    -0.19835251691390057,
    -0.21208229265650924,
    -0.20862444942551,
    -0.2019900591397772,
    -0.18840236733762586,
    -0.18039469341082232,
    -0.19253107357998284,
    -0.2028122250066728,
    -0.16578495920616754,
    -0.17198721216801477,
    -0.1625995873188486,
    -0.17509432676799444,
    -0.1784044526213286,
    -0.16294358693519417,
    -0.15623061997549875,
    -0.15022138361724055,
    -0.1403375935873815,
    -0.13209042314211933,
    -0.14996599337580252,
    -0.1468659391512676,
    -0.14356315721358573,
    -0.16537022841524104,
    -0.15883192047476768,
    -0.17864317363318133,
    -0.1574039651575137,
    -0.1749194186865067,
    -0.15814193475003147,
    -0.1438805207762183,
    -0.1519654178801848,
    -0.15029492632162814,
    -0.16418263513822945,
    -0.15437939276500623,
    -0.1503413824402556,
    -0.14029531678831092,
    -0.14514707070680297,
    -0.1501919742749662
  ],
  "train_length": [
    8.60644430043746,
    6.307518292446526,
    5.825507382957303,
    5.523680905906522,
    5.388349226542881,
    5.337158529125914,
    5.314038004193987,
    5.286127868963748,
    5.268325722947413,
    5.251357039626764,
    5.229475347363219,
    5.225707599094936,
    5.215774779417077,
    5.195741035500351,
    5.187765413401078,
    5.1804768406614965,
    5.17266616529348,
    5.163534349324752,
    5.153106971662872,
    5.151230904520775,
    5.137343542916434,
    5.127336142014484,
    5.127727805351724,
    5.120511833502322,
    5.115375314440046,
    5.107622409353451,
    5.099239874859245,
    5.105224327165253,
    5.092242114397944,
    5.092287744794573,
    5.082067241474074,
    5.08683747661357,
    5.079707384109497,
    5.07318597423787,
    5.071241797233115,
    5.064650759405019,
    5.057907683508737,
    5.056665911966441,
    5.053119318825858,
    5.052900484630039,
    5.039268060606354,
    5.039631016400396,
    5.0409615866991935,
    5.038831827591877,
    5.030174615431805,
    5.034977849648923,
    5.023433495541008,
    5.030969454317677,
    5.020399312583768,
    5.022064642030365,
    5.014336697909297,
    5.019826631156766,
    5.013933035792137,
    5.009495511346934,
    5.004028480880114,
    5.008112547348957,
    4.995422825521352,
    5.000659918298527,
    4.99545067670394,
    4.999468044358856,
    4.9946222402611555,
    4.987629734739965,
    4.991855635934947,
    4.991212402071271,
    4.985593824970479,
    4.983132853799937,
    4.987709570904167,
    4.987198021947121,
    4.980803630789932,
    4.977773325783866,
    4.98191837388642,
    4.979719113330452,
    4.976279273325083,
    4.976574065733929,
    4.970821176256452,
    4.9720278808048795,
    4.975301645240005,
    4.9659412053166605,
    4.9659406506285375,
    4.963605875871619,
    4.965347173262615,
    4.959635004705312,
    4.964957723812181,
    4.962454284940447,
    4.960192086745281,
    4.959267684391567,
    4.957257353529638,
    4.960207579087238,
    4.956588540758405,
    4.957386240667226,
    4.9538067117029305,
    4.954033958668611,
    4.952917069804911,
    4.953705656285188,
    4.954998128268183,
    4.948773822005914,
    4.949121660115767,
    4.94731017034881,
    4.940499437098601,
    4.944672044442624
  ],