{
  "epoch": [
    1,
    2,
    3,
    4,
    5,
    6,
    7,
    8,
    9,
    10,
    11,
    12,
    13,
    14,
    15,
    16,
    17,
    18,
    19,
    20,
    21,
    22,
    23,
    24,
    25,
    26,
    27,
    28,
    29,
    30,
    31,
    32,
    33,
    34,
    35,
    36,
    37,
    38,
    39,
    40,
    41,
    42,
    43,
    44,
    45,
    46,
    47,
    48,
    49,
    50,
    51,
    52,
    53,
    54,
    55,
    56,
    57,
    58,
    59,
    60,
    61,
    62,
    63,
    64,
    65,
    66,
    67,
    68,
    69,
    70,
    71,
    72,
    73,
    74,
    75,
    76,
    77,
    78,
    79,
    80,
    81,
    82,
    83,
    84,
    85,
    86,
    87,
    88,
    89,
    90,
    91,
    92,
    93,
    94,
    95,
    96,
    97,
    98,
    99,
    100
  ],
  "train_loss": [
    45.15576895888971,
    5.752593180810918,
    -0.2537265028424409,
    -0.8753986162684706,
    -1.1976591461167043,
    -1.1194404460945908,
    -1.1099145077929204,
    -0.9298761365365009,
    -0.7522534086387984,
    -0.6248930622728504,
    -0.5844567741970627,
    -0.4493700167050167,
    -0.3972508063425823,
    -0.39223152459884175,
    -0.32320508421683797,
    -0.34541862944559176,
    -0.29983983918720364,
    -0.3200600560830564,
    -0.26306370516516725,
    -0.31647032727392355,
    -0.2806960397533008,
    -0.25653562755609044,
    -0.2627336712059926,
    -0.21780336640623152,
    -0.26311322909836865,
    -0.2540424853867414,
    -0.2171778270632637,
    -0.2233832718006202,
    -0.19632564842396852,
    -0.20269179207329846,
    -0.2185141230572243,
    -0.1846693444768993,
    -0.1774675185431023,
    -0.16648942695892588,
    -0.1650850043765136,
    -0.1919006023327915,
    -0.16292434048895932,
    -0.19130016612459202,
    -0.15912099608353206,
    -0.14964534551361386,
    -0.16258633037915035,
    -0.14832397413497067,
    -0.1539700523931153,
    -0.13401633098113294,
    -0.13208455983929487,
    -0.14474095685445532,
    -0.11991433362115403,
    -0.15470720063514856,
    -0.14632287241366446,
    -0.13403614637042796,
    -0.15165015226420092,
    -0.1274412936550014,
    -0.11924264933533814,
    -0.1296431095700483,
    -0.11794418370237156,
    -0.11757348302979859,
    -0.12089295898165021,
    -0.13286582312109518,
    -0.11660173075387673,
    -0.1264924457942953,
    -0.10641556955417808,
    -0.12391388716594297,
    -0.10815026082706694,
    -0.10230251424470727,
    -0.10725196447147399,
    -0.0970378353507543,
    -0.09912131358014077,
    -0.11698805373542163,
    -0.1069659765961827,
    -0.10618891831183312,
    -0.10711384925763218,
    -0.11129679378806329,
    -0.10015154909342527,
    -0.11974264879007729,
    -0.10401898048514006,
    -0.0997972343193025,
    -0.11729904636740685,
    -0.10013924050620016,
    -0.11472423342341671,
    -0.10019489792080558,
    -0.09711113363048252,
    -0.10389597816582845,
    -0.10720152841234694,
    -0.10431012461836241,
    -0.10293193993975921,
    -0.09707145723609292,
    -0.10448137195590808,
    -0.09996038010077817,
    -0.094334072072287,
    -0.08657786381259865,
    -0.0819659437033899,
    -0.09713014735060992,
    -0.09472683005567108,
    -0.0927013578273508,
    -0.09438496223669879,
    -0.08435344437555391,
    -0.08539118853454687,
    -0.08984418488962918,
    -0.08567347613220312,
    -0.07917621452361345
  ],
  "train_length": [
    9.555442771133112,
    7.60330436181049,
    7.065697922998545,
    6.5906137592938485,
    6.336823779709485,
    6.155227627073016,
    6.078870632210556,
    5.999717722133714,
    5.939391647066389,
    5.918704183734193,
    5.887730676300672,
    5.870237491568741,
    5.858851676084558,
    5.843820756795455,
    5.825877481577348,
    5.812885547170834,
    5.799827298339532,
    5.800148949331167,
    5.784125133436554,
    5.783302190352459,
    5.775097876178975,
    5.765923018358191,
    5.761233534131732,
    5.754073566319991,
    5.74918963957806,
    5.751680145458299,
    5.739272336570584,
    5.734903700497686,
    5.729510584656073,
    5.729695480697009,
    5.726103116054924,
    5.718884964378512,
    5.717496940067837,
    5.714517194397596,
    5.711749753173517,
    5.710521795311752,
    5.706079400315577,
    5.710040973157299,
    5.7053281968953655,
    5.699902690186793,
    5.700859969975997,
    5.694194346058126,
    5.698044115183305,
    5.68958381730683,
    5.692657874555004,
    5.69413576320726,
    5.68233737167047,
    5.687210598770453,
    5.681822338882758,
    5.685449994340235,
    5.681145298237703,
    5.680307933262417,
    5.675929672864019,
    5.681910602413878,
    5.677398214534837,
    5.674046662389015,
    5.676109644831444,
    5.678064716105559,
    5.672736858835026,
    5.673459700175694,
    5.669741839778666,
    5.6739557519250985,
    5.66330158953764,
    5.669538011356276,
    5.672836055560988,
    5.668322898903671,
    5.663638358213464,
    5.66561653662701,
    5.66302287821867,
    5.66519875915683,
    5.663756268365042,
    5.661340718366662,
    5.662622787514511,
    5.662322608792052,
    5.656849330785323,
    5.6579229247813325,
    5.6608544271819445,
    5.657553069445552,
    5.660093570242123,
    5.654328623596503,
    5.654575756617954,
    5.656578044502103,
    5.656123589496223,
    5.655072557682893,
    5.6534875266406,
    5.650372904174182,
    5.653005692423607,
    5.6482996308073705,
    5.649845332515483,
    5.650202001844134,
    5.648063683996395,
    5.652545909492337,
    5.646603375065084,
    5.654879628395547,
    5.651421318248826,
    5.649333379706558,
    5.6504740715026855,
    5.649441232486647,
    5.644865814520388,
    5.648421039386672
  ],