{
  "epoch": [
    1,
    2,
    3,
    4,
    5,
    6,
    7,
    8,
    9,
    10,
    11,
    12,
    13,
    14,
    15,
    16,
    17,
    18,
    19,
    20,
    21,
    22,
    23,
    24,
    25,
    26,
    27,
    28,
    29,
    30,
    31,
    32,
    33,
    34,
    35,
    36,
    37,
    38,
    39,
    40,
    41,
    42,
    43,
    44,
    45,
    46,
    47,
    48,
    49,
    50,
    51,
    52,
    53,
    54,
    55,
    56,
    57,
    58,
    59,
    60,
    61,
    62,
    63,
    64,
    65,
    66,
    67,
    68,
    69,
    70,
    71,
    72,
    73,
    74,
    75,
    76,
    77,
    78,
    79,
    80,
    81,
    82,
    83,
    84,
    85,
    86,
    87,
    88,
    89,
    90,
    91,
    92,
    93,
    94,
    95,
    96,
    97,
    98,
    99,
    100
  ],
  "train_loss": [
    -72.18232018242077,
    -0.47174003758296673,
    -0.541655631317776,
    -0.4241655836147921,
    -0.4748779713005132,
    -0.3793084421100057,
    -0.3646556683720983,
    -0.3297924356230972,
    -0.3253669870675218,
    -0.3128090747727119,
    -0.3002508920142237,
    -0.27198907473523704,
    -0.28426266761439645,
    -0.23128225086066795,
    -0.27866935589331754,
    -0.25872302294841837,
    -0.25515560708864005,
    -0.25753034981993994,
    -0.2366687486955554,
    -0.24861474422623916,
    -0.2101331523676612,
    -0.21751554764579145,
    -0.2126523915070052,
    -0.19134194169155494,
    -0.1964599601354222,
    -0.19557397594029197,
    -0.1943427993516837,
    -0.19294735008128444,
    -0.19342290987355673,
    -0.18357218533982428,
    -0.1788136946246484,
    -0.17871944122586628,
    -0.1669737612400964,
    -0.16714098916522094,
    -0.17438579205309554,
    -0.15833960849867793,
    -0.17434906246311657,
    -0.15545198324193454,
    -0.16299250395018228,
    -0.1542510448584371,
    -0.1599842532518871,
    -0.16134968114902778,
    -0.16442245719194107,
    -0.16016111693021898,
    -0.1649566790830268,
    -0.14552231299291765,
    -0.1413234382183576,
    -0.14411287163669356,
    -0.14941921478080356,
    -0.13829164087240184,
    -0.14544671279264196,
    -0.13501618485137515,
    -0.1453758424851207,
    -0.14339616813944006,
    -0.12680721221187588,
    -0.1225790449237565,
    -0.12797730101975707,
    -0.1323036681195455,
    -0.13918633324246169,
    -0.14160241310161595,
    -0.12608231295242298,
    -0.11892494176305374,
    -0.12525195167494976,
    -0.1193592098484538,
    -0.11876877087966672,
    -0.1141653502673595,
    -0.1174002130924515,
    -0.12144404281957114,
    -0.11946702314236639,
    -0.11279096737580031,
    -0.111439585833031,
    -0.11113992568143473,
    -0.11208931738225629,
    -0.11427814629058382,
    -0.10557432839532896,
    -0.10629204438277046,
    -0.11332448092241752,
    -0.10392994853686921,
    -0.10214771977411963,
    -0.10603245146268485,
    -0.11040410210796613,
    -0.11071348777611037,
    -0.10757018523100688,
    -0.10763320176177943,
    -0.09958928818244259,
    -0.10212231692572941,
    -0.0977850415012134,
    -0.09674113887666287,
    -0.09498671287841791,
    -0.10786973339106355,
    -0.09508369819793318,
    -0.09321019379422069,
    -0.09477936808133916,
    -0.09675563775877259,
    -0.09435945853819044,
    -0.09137660235983833,
    -0.09451827400468518,
    -0.09194560465878066,
    -0.08898559777180151,
    -0.08709769241977483
  ],
  "train_length": [
    7.407635323855342,
    5.033781742563053,
    4.526260473290268,
    4.280809091061962,
    4.234951807528126,
    4.199315139225551,
    4.184100024554194,
    4.160463795369985,
    4.152186997082769,
    4.143154173481221,
    4.127514143379367,
    4.12108099703886,
    4.120027872980858,
    4.107285519035495,
    4.103584236028243,
    4.105675604878639,
    4.097310241387815,
    4.090286994466976,
    4.0888219804179915,
    4.080252832295943,
    4.074295369946227,
    4.065286967219139,
    4.057923842449577,
    4.056293974117357,
    4.0563564057252846,
    4.050894489093703,
    4.039961296684888,
    4.040241844800054,
    4.037038620637388,
    4.036402794779564,
    4.029609767758116,
    4.02905734461181,
    4.019627417836871,
    4.023098227929096,
    4.020509457101627,
    4.017588766253724,
    4.0184750508288944,
    4.012144799135169,
    4.0106662463168705,
    4.007109461998453,
    4.009695795117592,
    4.005337975463089,
    3.999038504094494,
    3.998129601381263,
    4.005150245160473,
    3.99800718803795,
    3.9951655134862785,
    3.9922877112213446,
    3.9876985233657214,
    3.9869354525390936,
    3.9875812433203874,
    3.985923630850656,
    3.9842313576717765,
    3.9820049052335778,
    3.982668925304802,
    3.9762605039440855,
    3.973177603312901,
    3.9743468737115664,
    3.9765274719316133,
    3.976366940809756,
    3.9745102707220585,
    3.9735710839835967,
    3.9697535840832456,
    3.9667327258051657,
    3.9663091581694934,
    3.967869315828596,
    3.962439459197375,
    3.9654829696733125,
    3.9615287610462735,
    3.9562746554004904,
    3.9646039982231294,
    3.9591529174726836,
    3.9580601137511584,
    3.957793418242007,
    3.958352407630609,
    3.9559930660286726,
    3.9577114946988163,
    3.9545872868323815,
    3.9557086740221297,
    3.9503152686722425,
    3.951670449607226,
    3.9549816968489666,
    3.953155279159546,
    3.949554832614198,
    3.949861018025145,
    3.94781016573614,
    3.947254258759168,
    3.9433708555844365,
    3.942036297856545,
    3.943675157975177,
    3.9422623502964877,
    3.9433638952216326,
    3.93534800714376,
    3.9397523889736252,
    3.941746792014764,
    3.9386266275328032,
    3.93949894029267,
    3.937623291599507,
    3.9383352338051307,
    3.937719785437292
  ],