{
  "epoch": [
    1,
    2,
    3,
    4,
    5
  ],
  "train_loss": [
    19.732684040252042,
    6.512161455896436,
    -0.24546195703501605,
    -3.3971653641486657,
    -2.90463218640308
  ],
  "train_length": [
    22.928762786242427,
    19.13488245983513,
    17.576631468169545,
    16.78028295478042,
    16.605045454842703
  ],
  "val_length": [
    20.19907569885254,
    17.91110610961914,
    16.639921188354492,
    16.46371078491211,
    16.302465438842773
  ],
  "baseline_updates": [
    true,
    true,
    true,
    true,
    true
  ],
  "epoch_time": [
    7.068936109542847,
    6.800864219665527,
    6.851112604141235,
    6.8921544551849365,
    6.986394882202148
  ]
}