{
  "epoch": [
    1,
    2,
    3,
    4,
    5,
    6,
    7,
    8,
    9,
    10,
    11,
    12,
    13,
    14,
    15,
    16,
    17,
    18,
    19,
    20,
    21,
    22,
    23,
    24,
    25,
    26,
    27,
    28,
    29,
    30,
    31,
    32,
    33,
    34,
    35,
    36,
    37,
    38,
    39,
    40,
    41,
    42,
    43,
    44,
    45,
    46,
    47,
    48,
    49,
    50,
    51,
    52,
    53,
    54,
    55,
    56,
    57,
    58,
    59,
    60,
    61,
    62,
    63,
    64,
    65,
    66,
    67,
    68,
    69,
    70,
    71,
    72,
    73,
    74,
    75,
    76,
    77,
    78,
    79,
    80,
    81,
    82,
    83,
    84,
    85,
    86,
    87,
    88,
    89,
    90,
    91,
    92,
    93,
    94,
    95,
    96,
    97,
    98,
    99,
    100
  ],
  "train_loss": [
    -30.524164229023214,
    20.206545105394053,
    4.085684464598189,
    -4.58607576513777,
    -4.119354103292737,
    -3.4495612565351994,
    -3.472899016068906,
    -2.7796724049412473,
    -2.7676811644009183,
    -2.5076648155037238,
    -2.4038150298352146,
    -2.530266221688718,
    -2.526364415275807,
    -2.1429595922937197,
    -2.1503675957115327,
    -1.9390049576759338,
    -1.8487531214344257,
    -1.6704562269911474,
    -1.6564748019588238,
    -1.3699184108753593,
    -1.597978628411585,
    -1.598368724389952,
    -1.4146045324753742,
    -1.426339564882979,
    -1.4989561529792086,
    -1.5456187500029195,
    -1.3966074780542024,
    -1.3608744655336653,
    -1.2341652871394644,
    -1.1548102710928236,
    -1.3045652794594667,
    -1.2579282224178314,
    -1.2154706497581638,
    -1.0457605987179035,
    -1.163617225934048,
    -1.078728172243858,
    -1.114779946147179,
    -0.8918208181858063,
    -1.0185128261848373,
    -1.009886470680334,
    -0.9694150005068097,
    -0.9338657302515847,
    -0.8382099331641684,
    -0.894837061665496,
    -0.9662273343728514,
    -0.9812329825089903,
    -0.8766283988952637,
    -0.8305355024581053,
    -0.849088862842443,
    -0.9181549278449039,
    -0.8212284831976404,
    -0.8152923769488627,
    -0.8593484710673897,
    -0.7684504706032422,
    -0.7234303942140268,
    -0.7122487471419938,
    -0.7440919340873251,
    -0.7593609082455538,
    -0.7667514666610834,
    -0.6837479727608817,
    -0.6349001091961958,
    -0.6238381917379341,
    -0.6353868983533918,
    -0.5973539835944468,
    -0.5696119729961667,
    -0.5149195202607282,
    -0.584330643926348,
    -0.5067916219027675,
    -0.6422526410647801,
    -0.605989684559861,
    -0.6195080842898817,
    -0.5933268474681037,
    -0.5271261237105545,
    -0.5027542588662128,
    -0.5450643431775424,
    -0.6340803811136557,
    -0.4920229283826692,
    -0.5337222948366281,
    -0.5453097233358695,
    -0.5205287749365884,
    -0.515674561110078,
    -0.468429975819831,
    -0.4559893469725336,
    -0.46339787360356777,
    -0.45191481086064356,
    -0.5152131910530888,
    -0.5317708272106794,
    -0.47233246418894553,
    -0.46526828742757137,
    -0.48479934097552785,
    -0.4700098262757671,
    -0.45093552175225043,
    -0.48322723745083324,
    -0.44323420813497233,
    -0.4770634554478587,
    -0.4745133520693195,
    -0.48742637920136356,
    -0.48093524636054524,
    -0.4496680081498866,
    -0.47083283170145385
  ],
  "train_length": [
    26.91516720518774,
    23.11971088331573,
    19.16055134364537,
    17.87794934486856,
    17.268706224402603,
    16.82825094339799,
    16.670702467159348,
    16.566578981827718,
    16.50435780505745,
    16.417605614175603,
    16.357693788956624,
    16.308985048410843,
    16.257552166374364,
    16.20538298937739,
    16.213017483146825,
    16.14603024112935,
    16.12932554556399,
    16.093857453793895,
    16.08464954337295,
    16.063706758070964,
    16.032562022306482,
    16.033218432445917,
    16.00306057443424,
    15.99837116319306,
    15.978365090428566,
    15.950533536015724,
    15.930983202798027,
    15.92014505425278,
    15.89323346468867,
    15.913343497685023,
    15.857357365744454,
    15.857633396070831,
    15.843232884698985,
    15.808627838991127,
    15.83562621291803,
    15.816212235664835,
    15.793776852743965,
    15.763935205887774,
    15.73789423339221,
    15.748181382004095,
    15.722914374604517,
    15.731736436182139,
    15.703528793490662,
    15.711481833944516,
    15.724170159320442,
    15.693776500468351,
    15.676347917439987,
    15.670921958222682,
    15.641613366652509,
    15.664843997176813,
    15.63616653364532,
    15.643006752948372,
    15.662356600469472,
    15.619633081007978,
    15.611815481769796,
    15.616023686467384,
    15.597100900143992,
    15.592168554967763,
    15.606691535638303,
    15.583243876087423,
    15.563929878935522,
    15.563762693989034,
    15.559095781676623,
    15.546710909629354,
    15.540024124846166,
    15.54653143396183,
    15.554004630263972,
    15.534742764064244,
    15.519050160232855,
    15.521833750666405,
    15.52812233749701,
    15.51318410951264,
    15.499267938185712,
    15.507200494104502,
    15.493435733172358,
    15.53100366008525,
    15.49376442967629,
    15.47997472724136,
    15.510393531955017,
    15.4972010145382,
    15.4859757715342,
    15.463726802748077,
    15.476770585897018,
    15.468240358391586,
    15.469501154763359,
    15.468475147169464,
    15.454528156591921,
    15.464440141405378,
    15.45471613747733,
    15.442881856645856,
    15.464566873044383,
    15.448414520341522,
    15.44060923128712,
    15.428628639299042,
    15.420663055108518,
    15.397642232933823,
    15.41216027006811,
    15.414713207556277,
    15.407133277581663,
    15.423838907358597
  ],