{
  "epoch": [
    1,
    2,
    3,
    4,
    5,
    6,
    7,
    8,
    9,
    10,
    11,
    12,
    13,
    14,
    15,
    16,
    17,
    18,
    19,
    20,
    21,
    22,
    23,
    24,
    25,
    26,
    27,
    28,
    29,
    30,
    31,
    32,
    33,
    34,
    35,
    36,
    37,
    38,
    39,
    40,
    41,
    42,
    43,
    44,
    45,
    46,
    47,
    48,
    49,
    50,
    51,
    52,
    53,
    54,
    55,
    56,
    57,
    58,
    59,
    60,
    61,
    62,
    63,
    64,
    65,
    66,
    67,
    68,
    69,
    70,
    71,
    72,
    73,
    74,
    75,
    76,
    77,
    78,
    79,
    80,
    81,
    82,
    83,
    84,
    85,
    86,
    87,
    88,
    89,
    90,
    91,
    92,
    93,
    94,
    95,
    96,
    97,
    98,
    99,
    100
  ],
  "train_loss": [
    8.054382388993185,
    0.7048286061201777,
    -2.8188549280166626,
    -2.694081474323662,
    -2.37488796881267,
    -2.1070633761736812,
    -2.08220998486694,
    -1.9429267985480172,
    -1.8908661324150708,
    -1.720730993212486,
    -1.7195292066554635,
    -1.6716511322527516,
    -1.6959530394904467,
    -1.6453728469050661,
    -1.588382027587112,
    -1.5556222468006367,
    -1.4821516433540656,
    -1.48779453306782,
    -1.48441268108329,
    -1.4660812725826187,
    -1.3510893303520826,
    -1.3299594515440416,
    -1.3217142212147615,
    -1.2968515279341717,
    -1.2915584104401725,
    -1.2883513411697076,
    -1.1922134191406017,
    -1.204763866200739,
    -1.1625488801878325,
    -1.1455319085899665,
    -1.1193343802374236,
    -1.0811018913376087,
    -1.0924687647089666,
    -1.2014128936796773,
    -1.19066400065714,
    -1.1649175602562574,
    -1.1427937593995308,
    -1.0860860591032067,
    -1.1261741476399558,
    -1.0174878002429495,
    -1.0652701057949845,
    -1.1461965228830064,
    -1.0659677739046058,
    -1.0407420688745928,
    -1.0209585409991595,
    -0.9906462570842431,
    -0.9851574636235529,
    -0.9613463124450372,
    -0.9537150659123246,
    -0.9233968866114713,
    -0.9044690363261164,
    -0.8924068461875526,
    -0.8565167331573914,
    -0.931455169405256,
    -0.9497100692622515,
    -0.9373523854479497,
    -0.8785792868964526,
    -0.9362607768603733,
    -0.9414454023448788,
    -0.904649019241333,
    -0.9200080766969797,
    -0.8802691010796294,
    -0.8478216188294547,
    -0.8353929470996467,
    -0.8088470904194579,
    -0.8072535024613751,
    -0.7958378828301722,
    -0.7975788016100319,
    -0.808047246568057,
    -0.7644640535724406,
    -0.7668741540032991,
    -0.7529898948815404,
    -0.7595341497538041,
    -0.7812947518363291,
    -0.7740684492247445,
    -0.768836265315815,
    -0.7777271501872004,
    -0.7684621780502553,
    -0.8048370115611018,
    -0.7846832907929713,
    -0.7606851738326403,
    -0.7343948453056569,
    -0.7313070099572746,
    -0.7137111522713486,
    -0.7303965055212682,
    -0.7151764144702834,
    -0.7124019478048597,
    -0.6966841223896766,
    -0.7235748199175815,
    -0.7467866786280457,
    -0.7369484709841865,
    -0.7310620613244115,
    -0.7483660928448852,
    -0.7196872650968785,
    -0.7374415063128179,
    -0.7023501222839161,
    -0.6975071202127301,
    -0.7117653330978082,
    -0.6974325332106376,
    -0.7457880985980131
  ],
  "train_length": [
    5.508555251724866,
    4.5920581331058425,
    4.466375837520677,
    4.4312554962781014,
    4.400599075823414,
    4.376484647089121,
    4.360792734185043,
    4.347826315432179,
    4.346019302095685,
    4.325557553038305,
    4.3270914895193915,
    4.312348837755164,
    4.317597248116318,
    4.308195517987621,
    4.3040071993458024,
    4.30370104556181,
    4.293182815824236,
    4.293455707783601,
    4.292680521400607,
    4.28646579567267,
    4.277766977037702,
    4.273503318124888,
    4.270740942079193,
    4.266248128852066,
    4.265766781203601,
    4.265699498507441,
    4.254197831056556,
    4.254183306985972,
    4.250044000392058,
    4.246714120008508,
    4.243535397004108,
    4.238541369535485,
    4.242097625927049,
    4.2391519303224525,
    4.240216795279055,
    4.238018142933748,
    4.2302626930937475,
    4.228672577410328,
    4.230995869149967,
    4.219704564736814,
    4.222585094218352,
    4.222409258083421,
    4.2163126663285855,
    4.2150379151714095,
    4.2093464987618585,
    4.206625578354816,
    4.203056418165868,
    4.200165062534566,
    4.1953654435216166,
    4.197511181539419,
    4.194377714273881,
    4.189722173067988,
    4.1867923493288,
    4.182723838455823,
    4.18153807095119,
    4.1832946855194715,
    4.177130071484313,
    4.175921634751923,
    4.178707911043751,
    4.171744969426369,
    4.177920453402461,
    4.169590512100531,
    4.163725677801638,
    4.157320786495598,
    4.160476631047774,
    4.160216204974116,
    4.1536906544043095,
    4.154942390870075,
    4.155887039340272,
    4.1506903950048954,
    4.153495034392999,
    4.147086080239744,
    4.147842786750015,
    4.153044170262862,
    4.144520856896225,
    4.1421133060844575,
    4.14437646768531,
    4.138171050013328,
    4.14180419396381,
    4.144181421824864,
    4.14078013264403,
    4.136227661249589,
    4.136026231610045,
    4.129527924012165,
    4.133834600448608,
    4.125236063587423,
    4.12911918698525,
    4.129564212293041,
    4.117418367035535,
    4.124038939573327,
    4.121624980654035,
    4.11924273627145,
    4.12411778313773,
    4.1219421016926665,
    4.123166196200312,
    4.114674972028149,
    4.115986196362242,
    4.118295669555664,
    4.113802846597165,
    4.111167100011086
  ],
  "val_length": [
    4.770264148712158,
    4.218914031982422,
    4.196983337402344,
    4.17494010925293,
    4.165254592895508,
    4.159515857696533,
    4.17306661605835,
    4.151767730712891,
    4.153257369995117,
    4.178714275360107,
    4.145867347717285,
    4.157222747802734,
    4.147946834564209,
    4.134547710418701,
    4.137080669403076,
    4.142350673675537,
    4.124873638153076,
    4.1346001625061035,
    4.12371301651001,
    4.114677429199219,
    4.129946231842041,
    4.1106696128845215,
    4.119144916534424,
    4.103109836578369,
    4.107075214385986,
    4.123236179351807,
    4.119724750518799,
    4.106317043304443,
    4.109555721282959,
    4.100235462188721,
    4.1132707595825195,
    4.1150712966918945,
    4.093335151672363,
    4.105784893035889,
    4.098811626434326,
    4.096539497375488,
    4.0843825340271,
    4.106255054473877,
    4.106582164764404,
    4.0928144454956055,
    4.075139999389648,
    4.094997406005859,
    4.07844352722168,
    4.088339805603027,
    4.087103366851807,
    4.074329376220703,
    4.082104682922363,
    4.085682392120361,
    4.083354949951172,
    4.075727939605713,
    4.079836845397949,
    4.0804057121276855,
    4.061319351196289,
    4.068840503692627,
    4.0546770095825195,
    4.068103313446045,
    4.048905372619629,
    4.058638095855713,
    4.047946929931641,
    4.057980060577393,
    4.082546710968018,
    4.048796653747559,
    4.0523529052734375,
    4.047706604003906,
    4.06393575668335,
    4.046405792236328,
    4.044637203216553,
    4.0459089279174805,
    4.045461177825928,
    4.039332866668701,
    4.062932014465332,
    4.045755863189697,
    4.054460525512695,
    4.034042835235596,
    4.04542350769043,
    4.04160737991333,
    4.031643390655518,
    4.040979862213135,
    4.035550117492676,
    4.043792247772217,
    4.03532075881958,
    4.032232284545898,
    4.029003143310547,
    4.037490367889404,
    4.035014629364014,
    4.0369696617126465,
    4.040327548980713,
    4.018631458282471,
    4.027124404907227,
    4.0320892333984375,
    4.019904613494873,
    4.013882637023926,
    4.029868125915527,
    4.039193153381348,
    4.029471397399902,
    4.023262977600098,
    4.026233673095703,
    4.0223917961120605,
    4.00691032409668,
    4.017188549041748
  ],