{
  "epoch": [
    1,
    2,
    3,
    4,
    5,
    6,
    7,
    8,
    9,
    10,
    11,
    12,
    13,
    14,
    15,
    16,
    17,
    18,
    19,
    20,
    21,
    22,
    23,
    24,
    25,
    26,
    27,
    28,
    29,
    30,
    31,
    32,
    33,
    34,
    35,
    36,
    37,
    38,
    39,
    40,
    41,
    42,
    43,
    44,
    45,
    46,
    47,
    48,
    49,
    50,
    51,
    52,
    53,
    54,
    55,
    56,
    57,
    58,
    59,
    60,
    61,
    62,
    63,
    64,
    65,
    66,
    67,
    68,
    69,
    70,
    71,
    72,
    73,
    74,
    75,
    76,
    77,
    78,
    79,
    80,
    81,
    82,
    83,
    84,
    85,
    86,
    87,
    88,
    89,
    90,
    91,
    92,
    93,
    94,
    95,
    96,
    97,
    98,
    99,
    100
  ],
  "train_loss": [
    -51.08868489581712,
    -0.4346544442660346,
    -0.554685757628509,
    -0.6271039801744782,
    -0.5562683661677399,
    -0.6202448617514907,
    -0.520551301919076,
    -0.6004662013859773,
    -0.5803715901411309,
    -0.5494108187909029,
    -0.538986602627045,
    -0.5514538119337997,
    -0.5678911448969525,
    -0.5363905849505444,
    -0.5460422074764358,
    -0.5443389252284352,
    -0.5479383933528954,
    -0.549846604162333,
    -0.564030350490036,
    -0.5500127608146594,
    -0.5182966681159272,
    -0.5248031204908478,
    -0.4926786994827645,
    -0.47975812168145665,
    -0.5359646055505288,
    -0.49744131488307397,
    -0.4842743204944596,
    -0.5229094719172133,
    -0.5048459331143875,
    -0.543283143536929,
    -0.4976320488340392,
    -0.5088877918540823,
    -0.4882567730561203,
    -0.48040950974943686,
    -0.47351633415234334,
    -0.5080903790587065,
    -0.493125785199203,
    -0.48381245938338796,
    -0.47144135365224615,
    -0.48369795696011614,
    -0.49613973855668186,
    -0.46467449782150133,
    -0.48662241823895247,
    -0.46870850220474664,
    -0.4813130326493054,
    -0.46600931711799026,
    -0.4616793410054275,
    -0.47955931093999926,
    -0.4631630365679763,
    -0.45500312163019363,
    -0.46166651102961326,
    -0.4728204495254524,
    -0.45345306137994845,
    -0.4503724278730093,
    -0.4677503620825556,
    -0.4401334645226598,
    -0.44988906372110454,
    -0.475366442331246,
    -0.4424606748495479,
    -0.4223074641610895,
    -0.4381925190361787,
    -0.4447274147057716,
    -0.42295669629333577,
    -0.464934591888165,
    -0.4428255764805541,
    -0.43987922910220767,
    -0.42557802769754616,
    -0.4153594467503836,
    -0.41789252130428745,
    -0.4045904499991816,
    -0.41053837978718233,
    -0.3953424454951773,
    -0.4239295828251206,
    -0.43042253619249987,
    -0.41243827381000225,
    -0.41703566863220565,
    -0.40959944131270964,
    -0.40861878729406365,
    -0.4070384189942662,
    -0.4082277055297579,
    -0.40781173421716205,
    -0.4078804764668552,
    -0.39976107534401273,
    -0.3967973733967056,
    -0.3925400500242807,
    -0.39607738581847174,
    -0.3948695555481376,
    -0.4068694479991587,
    -0.4018647716551715,
    -0.3967028888968789,
    -0.40643431117035905,
    -0.4103247136713899,
    -0.39216524685676,
    -0.3941118381157213,
    -0.4021517211875441,
    -0.3930841380996363,
    -0.3964520403545122,
    -0.3966407517579441,
    -0.40488858741461015,
    -0.3930508642248353
  ],
  "train_length": [
    6.038730202888956,
    4.589978359183487,
    4.4624505043029785,
    4.413612862022555,
    4.379548934041237,
    4.367026134413116,
    4.3448770435488955,
    4.338189324554132,
    4.328896430073952,
    4.314742414318785,
    4.30711410970104,
    4.304675788295512,
    4.305037060562445,
    4.2924425066733845,
    4.288565947085011,
    4.2858293397086005,
    4.282764094216483,
    4.2782528449078,
    4.274020452888644,
    4.26926960750502,
    4.263714527597233,
    4.258225260948648,
    4.255876005912314,
    4.253293713744806,
    4.248841991229933,
    4.243448924045174,
    4.239348990576608,
    4.241373957419882,
    4.240253682039222,
    4.237242333743037,
    4.235001471577858,
    4.23674259866987,
    4.229179679131021,
    4.225861719676426,
    4.221276020517155,
    4.2239537579672675,
    4.220243541561827,
    4.221115350723267,
    4.213527236665998,
    4.2184944688057415,
    4.213460236179586,
    4.2080274795999335,
    4.206985371453421,
    4.205757729861201,
    4.198835153968966,
    4.197229808690596,
    4.197683791725003,
    4.19310017994472,
    4.188962026518219,
    4.1879450885617,
    4.186717772970394,
    4.17965622337497,
    4.1777143186452435,
    4.176167239948195,
    4.1778713002496835,
    4.171211456765934,
    4.168398993355887,
    4.165740601870478,
    4.159917412971963,
    4.15970980877779,
    4.160199204269721,
    4.156979648434386,
    4.1555271391965904,
    4.160390771165186,
    4.151924634466366,
    4.146449089050293,
    4.153426277394197,
    4.145303706733548,
    4.147331135613578,
    4.134785613235162,
    4.136470619513064,
    4.141644103186471,
    4.137432886629688,
    4.1330318888839415,
    4.134482047995743,
    4.132560535353058,
    4.128439251257449,
    4.12495037487575,
    4.128567486393209,
    4.123400075095041,
    4.12450249827638,
    4.121112925665719,
    4.121012789862497,
    4.118044021178265,
    4.115106981627795,
    4.1146425811611875,
    4.1139687956595905,
    4.110878122096159,
    4.1148854323795865,
    4.113177245976973,
    4.11326188943824,
    4.109341723578317,
    4.102391379220145,
    4.102621540731313,
    4.105624043211645,
    4.102818007371863,
    4.103059865990463,
    4.099437606577971,
    4.095083557829565,
    4.095452921731131
  ],