{
  "or_tools_ref": 3.8279130458831787,
  "results": {
    "1": {
      "greedy_mean": 3.9062352180480957,
      "pomo_mean": 3.8432416915893555,
      "pomo_2opt_mean": 3.8384883403778076,
      "bestof128_mean": 3.857301712036133,
      "total_time": 8.778003454208374
    },
    "2": {
      "greedy_mean": 3.9060404300689697,
      "pomo_mean": 3.8453614711761475,
      "pomo_2opt_mean": 3.8399524688720703,
      "bestof128_mean": 3.86189603805542,
      "total_time": 11.374853372573853
    },
    "4": {
      "greedy_mean": 3.909161329269409,
      "pomo_mean": 3.8446407318115234,
      "pomo_2opt_mean": 3.8388404846191406,
      "bestof128_mean": 3.8654489517211914,
      "total_time": 15.436707973480225
    },
    "8": {
      "greedy_mean": 3.9253437519073486,
      "pomo_mean": 3.8508570194244385,
      "pomo_2opt_mean": 3.843201160430908,
      "bestof128_mean": 3.873891592025757,
      "total_time": 27.006696462631226
    }
  },
  "metric": "euclidean"
}