{
  "epoch": [
    1,
    2,
    3,
    4,
    5,
    6,
    7,
    8,
    9,
    10,
    11,
    12,
    13,
    14,
    15
  ],
  "train_loss": [
    -1.4212071603658247,
    -0.42164006677209115,
    -0.2685083586494533,
    -0.17793784894961484,
    -0.15154655471596182,
    -0.1415042248459495,
    -0.14221961891316637,
    -0.10979350029053736,
    -0.10702746882274443,
    -0.12758105810807677,
    -0.11734680553936229,
    -0.10372617635495808,
    -0.10731344905738928,
    -0.11292930361719763,
    -0.1054223396112116
  ],
  "train_length": [
    4.143414375733356,
    4.009123276691048,
    3.978287784420714,
    3.96317644021949,
    3.9534972516857847,
    3.9513793794476255,
    3.94960588581708,
    3.9406695000979366,
    3.9376096190238488,
    3.943273296161574,
    3.941435059722589,
    3.9308035981898404,
    3.930530764618698,
    3.9348790377986673,
    3.9291955062321255
  ],
  "val_length": [
    3.9521212577819824,
    3.942166328430176,
    3.957839250564575,
    3.9333314895629883,
    3.9268743991851807,
    3.9342434406280518,
    3.9293832778930664,
    3.918442487716675,
    3.9236488342285156,
    3.9230003356933594,
    3.9139397144317627,
    3.915198802947998,
    3.9208340644836426,
    3.921187162399292,
    3.91363787651062
  ]
}