{
  "epoch": [
    1,
    2,
    3,
    4,
    5,
    6,
    7,
    8,
    9,
    10,
    11,
    12,
    13,
    14,
    15
  ],
  "train_loss": [
    -5.913348384657684,
    -1.1980840001179247,
    -0.848899705373511,
    -0.7576585806602117,
    -0.48792456272913487,
    -0.5159958321221021,
    -0.5141744859972779,
    -0.5063776273508461,
    -0.4768153096036035,
    -0.4918799347111157,
    -0.49617874728781836,
    -0.5233328315068264,
    -0.45021360200278615,
    -0.40524525377823384,
    -0.43418779315388933
  ],
  "train_length": [
    16.479260357058777,
    15.729385122960927,
    15.544390717331243,
    15.532731484393684,
    15.479992195051544,
    15.453662074342066,
    15.421512399400983,
    15.419571282912274,
    15.3999512244244,
    15.399316291419828,
    15.410329108335533,
    15.397611773743922,
    15.377068840727514,
    15.381015183974286,
    15.365501364883112
  ],
  "val_length": [
    15.687888145446777,
    15.5343017578125,
    15.512128829956055,
    15.506278991699219,
    15.505239486694336,
    15.423299789428711,
    15.420318603515625,
    15.460124969482422,
    15.398760795593262,
    15.427854537963867,
    15.439515113830566,
    15.425719261169434,
    15.39224910736084,
    15.373990058898926,
    15.378297805786133
  ]
}