{
  "epoch": [
    1,
    2,
    3,
    4,
    5,
    6,
    7,
    8,
    9,
    10,
    11,
    12,
    13,
    14,
    15
  ],
  "train_loss": [
    -1.8442391119137103,
    -1.585891773810192,
    -0.9127871242104745,
    -0.7658902713838889,
    -0.5150434196907647,
    -0.4090253073646098,
    -0.30997431589936725,
    -0.31180142466815153,
    -0.2165324398677568,
    -0.20157504096931342,
    -0.1499734010395347,
    -0.1283609153208684,
    -0.11367633714511687,
    -0.09490877572371036,
    -0.10988263835256197
  ],
  "train_length": [
    4.904187241379096,
    4.329286638571292,
    4.174474463170888,
    4.121593884059361,
    4.0735489154348565,
    4.042497420797543,
    4.017651081085205,
    4.014934858497308,
    3.9902376228449294,
    3.9873441019836737,
    3.9714305035921993,
    3.9632624485054793,
    3.9593866820238075,
    3.952380365254928,
    3.9501862574596793
  ],
  "val_length": [
    4.148169040679932,
    4.06196928024292,
    4.01688289642334,
    4.019720077514648,
    3.9771480560302734,
    3.9595892429351807,
    3.967050552368164,
    3.9676084518432617,
    3.9453563690185547,
    3.9534170627593994,
    3.940707206726074,
    3.9480173587799072,
    3.9462883472442627,
    3.9281883239746094,
    3.93387770652771
  ]
}