{
  "epoch": [
    1,
    2,
    3,
    4,
    5,
    6,
    7,
    8,
    9,
    10,
    11,
    12,
    13,
    14,
    15
  ],
  "train_loss": [
    -4.719719217748058,
    -1.427590360446852,
    -0.8699781815616452,
    -0.667838597328079,
    -0.5777014150303237,
    -0.492718227055608,
    -0.4808556957512486,
    -0.4793427227711191,
    -0.4945086000525222,
    -0.4738327822819048,
    -0.45030107440388933,
    -0.47089669975091,
    -0.47807336568224185,
    -0.4373850446878647,
    -0.43026491573878695
  ],
  "train_length": [
    16.223215638374796,
    15.717691664793053,
    15.564790832753085,
    15.514146834003682,
    15.486100517973608,
    15.467750646630112,
    15.430969209087138,
    15.44143175592228,
    15.449226058259303,
    15.426921387108004,
    15.41189700729993,
    15.424681819215113,
    15.428844841159119,
    15.397000935612892,
    15.3929808480399
  ],
  "val_length": [
    15.613714218139648,
    15.539641380310059,
    15.532559394836426,
    15.498380661010742,
    15.493230819702148,
    15.482346534729004,
    15.46686840057373,
    15.450677871704102,
    15.450857162475586,
    15.439698219299316,
    15.449713706970215,
    15.45512866973877,
    15.482551574707031,
    15.42454719543457,
    15.413829803466797
  ]
}