{
  "epoch": [
    1,
    2,
    3,
    4,
    5,
    6,
    7,
    8,
    9,
    10,
    11,
    12,
    13,
    14,
    15
  ],
  "train_loss": [
    -0.9536741285451821,
    -0.3860973717302692,
    -0.25858030924383474,
    -0.24496291988358207,
    -0.19446508506579058,
    -0.14531821274787796,
    -0.1696254029603941,
    -0.1497703681186754,
    -0.10925857479474982,
    -0.0972391096304874,
    -0.11133125213411998,
    -0.10380803888701663,
    -0.09550584563795401,
    -0.09486370735174539,
    -0.09288263149863603
  ],
  "train_length": [
    5.875760647715355,
    5.735373054231916,
    5.706549882888794,
    5.688587208183444,
    5.6821503736534895,
    5.673897436686924,
    5.669059631775837,
    5.669855443798766,
    5.660870119016998,
    5.658521413803101,
    5.662058382618184,
    5.6650933343537,
    5.65698350692282,
    5.655491926232163,
    5.65403430315913
  ],
  "val_length": [
    5.698465347290039,
    5.676846027374268,
    5.664002895355225,
    5.6593122482299805,
    5.655245304107666,
    5.659231185913086,
    5.6603779792785645,
    5.657817363739014,
    5.653466701507568,
    5.6535234451293945,
    5.648989677429199,
    5.657210826873779,
    5.646787643432617,
    5.648632526397705,
    5.648181438446045
  ]
}