{
  "epoch": [
    1,
    2,
    3,
    4,
    5,
    6,
    7,
    8,
    9,
    10,
    11,
    12,
    13,
    14,
    15
  ],
  "train_loss": [
    -1.575081475839323,
    -0.4974118956193632,
    -0.38146395601180133,
    -0.30323967923011097,
    -0.22743928957046294,
    -0.21210815871552546,
    -0.16159390464273035,
    -0.15615625401996835,
    -0.17990277821616252,
    -0.18230860885612818,
    -0.15542504731185583,
    -0.14033199029461463,
    -0.13341435273082888,
    -0.13720390478111044,
    -0.11696385428765599
  ],
  "train_length": [
    5.217500696376878,
    5.072219765916163,
    5.03649884827283,
    5.00410558739487,
    4.990521260670254,
    4.980408707443549,
    4.969499631803863,
    4.967129016409115,
    4.964358470877823,
    4.960391287900964,
    4.95037300732671,
    4.947919646087958,
    4.94659482702917,
    4.950882293740097,
    4.946759773760426
  ],
  "val_length": [
    4.997928619384766,
    4.97992467880249,
    4.957789897918701,
    4.952042579650879,
    4.945463180541992,
    4.955305576324463,
    4.941951274871826,
    4.931206226348877,
    4.94008731842041,
    4.929111003875732,
    4.9396257400512695,
    4.930479526519775,
    4.93621826171875,
    4.9281840324401855,
    4.916135311126709
  ]
}