{
  "epoch": [
    1,
    2,
    3,
    4,
    5,
    6,
    7,
    8,
    9,
    10,
    11,
    12,
    13,
    14,
    15
  ],
  "train_loss": [
    -5.2077027074612525,
    -0.41409922178302494,
    -0.276429930283707,
    -0.2139987265881227,
    -0.17537542341315016,
    -0.18332505089287854,
    -0.17233350576490772,
    -0.14891927491645424,
    -0.1362056631062712,
    -0.1312116126776958,
    -0.13156787344083495,
    -0.13246724142559937,
    -0.11334552231947986,
    -0.10822100568638772,
    -0.11321079354657203
  ],
  "train_length": [
    4.403466190610613,
    4.029671294348581,
    3.984122033021888,
    3.972714660119037,
    3.9586544985673866,
    3.9545866713231925,
    3.9496435729824766,
    3.9457671399019203,
    3.9430449373868046,
    3.940063931504074,
    3.9395610848251654,
    3.937626544310122,
    3.9301069366688632,
    3.9337767094981912,
    3.933046895630506
  ],
  "val_length": [
    3.9786977767944336,
    3.94714617729187,
    3.9469518661499023,
    3.934652090072632,
    3.928466796875,
    3.9264304637908936,
    3.9374821186065674,
    3.9271483421325684,
    3.9222724437713623,
    3.9222965240478516,
    3.927420139312744,
    3.9251272678375244,
    3.922792434692383,
    3.9189908504486084,
    3.914027452468872
  ]
}