{
  "epoch": [
    1,
    2,
    3,
    4,
    5,
    6,
    7,
    8,
    9,
    10,
    11,
    12,
    13,
    14,
    15
  ],
  "train_loss": [
    -0.3902313960906194,
    -0.16727982278989287,
    -0.1604087865550299,
    -0.12255117050086965,
    -0.10197188982702031,
    -0.10508109108373827,
    -0.10172623411125066,
    -0.09390196994859346,
    -0.09834025435301723,
    -0.0910633479111961,
    -0.09207757843696342,
    -0.09181035469685282,
    -0.0897601664598499,
    -0.08824032697142387,
    -0.08905623389446006
  ],
  "train_length": [
    3.9934514323059394,
    3.951606976742647,
    3.9519961050578525,
    3.9453437644608167,
    3.9398086946837756,
    3.9397329870535405,
    3.9372987868834515,
    3.9336342908898176,
    3.9344876177456913,
    3.9330933750892174,
    3.930430285784663,
    3.928698337807947,
    3.927775971743525,
    3.927387619505123,
    3.927409668358005
  ],
  "val_length": [
    3.924412727355957,
    3.925243616104126,
    3.930349588394165,
    3.926567316055298,
    3.92555570602417,
    3.924487590789795,
    3.9229936599731445,
    3.919854164123535,
    3.9183619022369385,
    3.9138689041137695,
    3.9118871688842773,
    3.9123129844665527,
    3.9147753715515137,
    3.9162440299987793,
    3.9110639095306396
  ]
}