{
  "epoch": [
    1,
    2,
    3,
    4,
    5,
    6,
    7,
    8,
    9,
    10,
    11,
    12,
    13,
    14,
    15
  ],
  "train_loss": [
    0.13027740366832943,
    -0.11366847028233568,
    -0.1162373530773484,
    -0.1288241596170226,
    -0.11452493721581235,
    -0.1063335166141695,
    -0.09646138273255557,
    -0.10160665037300513,
    -0.09298545146855164,
    -0.08429066245729218,
    -0.08992990971143756,
    -0.07784665072317787,
    -0.10075536271443172,
    -0.10514104476540673,
    -0.10732067828731877
  ],
  "train_length": [
    4.004473625397195,
    3.947394142345506,
    3.939987486722518,
    3.941571812240445,
    3.9384946652821133,
    3.9352363737262026,
    3.9358454602105275,
    3.934809288200067,
    3.9318333134359245,
    3.9318700493598473,
    3.930411874031534,
    3.9293152045230477,
    3.925231318084561,
    3.9272746431584262,
    3.9243819056725013
  ],
  "val_length": [
    3.9410018920898438,
    3.9200217723846436,
    3.921196460723877,
    3.9231772422790527,
    3.9214894771575928,
    3.9181079864501953,
    3.920196533203125,
    3.925122022628784,
    3.917778730392456,
    3.9240293502807617,
    3.9158618450164795,
    3.9140799045562744,
    3.9175519943237305,
    3.919604539871216,
    3.917234420776367
  ]
}