{
  "epoch": [
    1,
    2,
    3,
    4,
    5,
    6,
    7,
    8,
    9,
    10,
    11,
    12,
    13,
    14,
    15
  ],
  "train_loss": [
    -3.312085821312301,
    -1.4445130514855287,
    -0.819297516528441,
    -0.7560765934841973,
    -0.5146150027914923,
    -0.4551741328774666,
    -0.4123217791927104,
    -0.4453056448576402,
    -0.4689867891067145,
    -0.41755912817862567,
    -0.38675604745441555,
    -0.43485920632980307,
    -0.4003538331206964,
    -0.40543155075640097,
    -0.39421134198806723
  ],
  "train_length": [
    16.09087039013298,
    15.677290001694036,
    15.540748605922778,
    15.492219788687569,
    15.458098255858129,
    15.433041845049177,
    15.417166748825384,
    15.388714702761902,
    15.393982381236796,
    15.39208526027446,
    15.35849024325001,
    15.349130085536412,
    15.368104088063143,
    15.354542936597552,
    15.33964711792615
  ],
  "val_length": [
    15.560351371765137,
    15.518798828125,
    15.468114852905273,
    15.471409797668457,
    15.44856071472168,
    15.446367263793945,
    15.436304092407227,
    15.42044734954834,
    15.430570602416992,
    15.402212142944336,
    15.391040802001953,
    15.410216331481934,
    15.38996696472168,
    15.352760314941406,
    15.380918502807617
  ]
}